<?xml version="1.0" encoding="UTF-8"?>
<project-private xmlns="http://www.netbeans.org/ns/project-private/1">
    <editor-bookmarks xmlns="http://www.netbeans.org/ns/editor-bookmarks/2" lastBookmarkId="0"/>
    <open-files xmlns="http://www.netbeans.org/ns/projectui-open-files/2">
        <group>
            <file>file:/C:/Users/diego/OneDrive/Escritorio/UVG/MICROCONTROLADORES/LABMICROS/LAB08/LAB08.X/main08.c</file>
            <file>file:/C:/Users/diego/OneDrive/Escritorio/UVG/MICROCONTROLADORES/LABMICROS/LAB08/LAB08.X/newmain.c</file>
            <file>file:/C:/Users/diego/OneDrive/Escritorio/UVG/MICROCONTROLADORES/LABMICROS/LAB08/LAB08.X/newmain1.c</file>
        </group>
    </open-files>
</project-private>
